0,0
0.0000444,10001110
0.0000672,10011100
0.00009,10101010
0.0001128,10110111
0.0001356,11000011
0.0001584,11001101
0.0001812,11010110
0.000204,11011101
0.0002268,11100010
0.0002496,11100101
0.0002724,11100110
0.0002952,11100101
0.000318,11100010
0.0003408,11011100
0.0003636,11010101
0.0003864,11001100
0.0004092,11000010
0.000432,10110110
0.0004548,10101001
0.0004776,10011011
0.0005004,10001101
0.0005232,1111110
0.000546,1110000
0.0005688,1100010
0.0005916,1010100
0.0006144,1000111
0.0006372,111011
0.00066,110001
0.0006828,101001
0.0007056,100010
0.0007284,11101
0.0007512,11010
0.000774,11001
0.0007968,11010
0.0008196,11110
0.0008424,100011
0.0008652,101010
0.000888,110011
0.0009108,111110
0.0009336,1001010
0.0009564,1010111
0.0009792,1100101
0.001002,1110011
0.001025,10000010
0.001048,10010000
0.00107,10011110
0.001093,10101100
0.001116,10111001
0.001139,11000100
0.001162,11001110
0.001184,11010111
0.001207,11011110
0.00123,11100010
0.001253,11100101
0.001276,11100110
0.001298,11100100
0.001321,11100001
0.001344,11011011
0.001367,11010100
0.00139,11001011
0.001412,11000000
0.001435,10110100
0.001458,10100111
0.001481,10011001
0.001504,10001011
0.001526,1111100
0.001549,1101110
0.001572,1100000
0.001595,1010010
0.001618,1000101
0.00164,111010
0.001663,110000
0.001686,101000
0.001709,100001
0.001732,11100
0.001754,11010
0.001777,11001
0.0018,11011
0.001823,11110
0.001846,100100
0.001868,101011
0.001891,110101
0.001914,111111
0.001937,1001011
0.00196,1011001
0.001982,1100111
0.002005,1110101
0.002028,10000100
0.002051,10010010
0.002074,10100000
0.002096,10101110
0.002119,10111010
0.002142,11000110
0.002165,11010000
0.002188,11011000
0.00221,11011110
0.002233,11100011
0.002256,11100101
0.002279,11100110
0.002302,11100100
0.002324,11100000
0.002347,11011011
0.00237,11010011
0.002393,11001010
0.002416,10111111
0.002438,10110011
0.002461,10100101
0.002484,10010111
0.002507,10001001
0.00253,1111010
0.002552,1101100
0.002575,1011110
0.002598,1010000
0.002621,1000100
0.002644,111000
0.002666,101111
0.002689,100111
0.002712,100000
0.002735,11100
0.002758,11001
0.002803,11011
0.002826,11111
0.002849,100101
0.002872,101101
0.002894,110110
0.002917,1000001
0.00294,1001101
0.002963,1011011
0.002986,1101001
0.003008,1110111
0.003031,10000110
0.003054,10010100
0.003077,10100010
0.0031,10110000
0.003122,10111100
0.003145,11000111
0.003168,11010001
0.003191,11011001
0.003214,11011111
0.003236,11100011
0.003259,11100110
0.003305,11100100
0.003328,11100000
0.00335,11011010
0.003373,11010010
0.003396,11001000
0.003419,10111101
0.003442,10110001
0.003464,10100100
0.003487,10010101
0.00351,10000111
0.003533,1111000
0.003556,1101010
0.003578,1011100
0.003601,1001110
0.003624,1000010
0.003647,110111
0.00367,101101
0.003692,100110
0.003715,11111
0.003738,11011
0.003761,11001
0.003806,11100
0.003829,100000
0.003852,100110
0.003875,101110
0.003898,111000
0.00392,1000011
0.003943,1001111
0.003966,1011100
0.003989,1101011
0.004012,1111001
0.004034,10001000
0.004057,10010110
0.00408,10100100
0.004103,10110010
0.004126,10111110
0.004148,11001001
0.004171,11010010
0.004194,11011010
0.004217,11100000
0.00424,11100100
0.004262,11100110
0.004308,11100011
0.004331,11011111
0.004354,11011001
0.004376,11010000
0.004399,11000111
0.004422,10111011
0.004445,10101111
0.004468,10100010
0.00449,10010011
0.004513,10000101
0.004536,1110110
0.004559,1101000
0.004582,1011010
0.004604,1001101
0.004627,1000000
0.00465,110110
0.004673,101100
0.004696,100101
0.004718,11111
0.004741,11011
0.004764,11001
0.004787,11010
0.00481,11100
0.004832,100000
0.004855,100111
0.004878,101111
0.004901,111001
0.004924,1000100
0.004946,1010001
0.004969,1011110
0.004992,1101101
0.005015,1111011
0.005038,10001010
0.00506,10011000
0.005083,10100110
0.005106,10110011
0.005129,10111111
0.005152,11001010
0.005174,11010011
0.005197,11011011
0.00522,11100001
0.005243,11100100
0.005266,11100110
0.005288,11100101
0.005311,11100011
0.005334,11011110
0.005357,11011000
0.00538,11001111
0.005402,11000101
0.005425,10111010
0.005448,10101101
0.005471,10100000
0.005494,10010001
0.005516,10000011
0.005539,1110100
0.005562,1100110
0.005585,1011000
0.005608,1001011
0.00563,111111
0.005653,110100
0.005676,101011
0.005699,100100
0.005722,11110
0.005744,11011
0.005767,11001
0.00579,11010
0.005813,11101
0.005836,100001
0.005858,101000
0.005881,110000
0.005904,111011
0.005927,1000110
0.00595,1010011
0.005972,1100000
0.005995,1101111
0.006018,1111101
0.006041,10001100
0.006064,10011010
0.006086,10101000
0.006109,10110101
0.006132,11000001
0.006155,11001100
0.006178,11010101
0.0062,11011100
0.006223,11100001
0.006246,11100101
0.006269,11100110
0.006292,11100101
0.006314,11100010
0.006337,11011101
0.00636,11010111
0.006383,11001110
0.006406,11000100
0.006428,10111000
0.006451,10101011
0.006474,10011110
0.006497,10001111
0.00652,10000001
0.006542,1110010
0.006565,1100100
0.006588,1010110
0.006611,1001001
0.006634,111101
0.006656,110011
0.006679,101010
0.006702,100011
0.006725,11101
0.006748,11010
0.00677,11001
0.006793,11010
0.006816,11101
0.006839,100010
0.006862,101001
0.006884,110010
0.006907,111100
0.00693,1001000
0.006953,1010101
0.006976,1100010
0.006998,1110001
0.007021,1111111
0.007044,10001110
0.007067,10011100
0.00709,10101010
0.007112,10110111
0.007135,11000011
0.007158,11001101
0.007181,11010110
0.007204,11011101
0.007226,11100010
0.007249,11100101
0.007272,11100110
0.007295,11100101
0.007318,11100010
0.00734,11011100
0.007363,11010101
0.007386,11001101
0.007409,11000010
0.007432,10110110
0.007454,10101001
0.007477,10011100
0.0075,10001101
0.007523,1111111
0.007546,1110000
0.007568,1100010
0.007591,1010100
0.007614,1000111
0.007637,111100
0.00766,110001
0.007682,101001
0.007705,100010
0.007728,11101
0.007751,11010
0.007774,11001
0.007796,11010
0.007819,11110
0.007842,100011
0.007865,101010
0.007888,110011
0.00791,111110
0.007933,1001010
0.007956,1010110
0.007979,1100100
0.008002,1110011
0.008024,10000001
0.008047,10010000
0.00807,10011110
0.008093,10101100
0.008116,10111001
0.008138,11000100
0.008161,11001110
0.008184,11010111
0.008207,11011110
0.00823,11100010
0.008252,11100101
0.008275,11100110
0.008298,11100100
0.008321,11100001
0.008344,11011100
0.008366,11010100
0.008389,11001011
0.008412,11000001
0.008435,10110101
0.008458,10101000
0.00848,10011010
0.008503,10001011
0.008526,1111101
0.008549,1101110
0.008572,1100000
0.008594,1010010
0.008617,1000110
0.00864,111010
0.008663,110000
0.008686,101000
0.008708,100001
0.008731,11100
0.008754,11010
0.008777,11001
0.0088,11011
0.008822,11110
0.008845,100100
0.008868,101011
0.008891,110101
0.008914,111111
0.008936,1001011
0.008959,1011000
0.008982,1100110
0.009005,1110101
0.009028,10000011
0.00905,10010010
0.009073,10100000
0.009096,10101110
0.009119,10111010
0.009142,11000110
0.009164,11010000
0.009187,11011000
0.00921,11011110
0.009233,11100011
0.009256,11100101
0.009278,11100110
0.009301,11100100
0.009324,11100000
0.009347,11011011
0.00937,11010011
0.009392,11001010
0.009415,10111111
0.009438,10110011
0.009461,10100110
0.009484,10011000
0.009506,10001001
0.009529,1111011
0.009552,1101100
0.009575,1011110
0.009598,1010000
0.00962,1000100
0.009643,111001
0.009666,101111
0.009689,100111
0.009712,100000
0.009734,11100
0.009757,11010
0.00978,11001
0.009803,11011
0.009826,11111
0.009848,100101
0.009871,101101
0.009894,110110
0.009917,1000001
0.00994,1001101
0.009962,1011010
0.009985,1101000
0.01001,1110111
0.01003,10000101
0.01005,10010100
0.01008,10100010
0.0101,10101111
0.01012,10111100
0.01014,11000111
0.01017,11010001
0.01019,11011001
0.01021,11011111
0.01024,11100011
0.01026,11100110
0.0103,11100100
0.01033,11100000
0.01035,11011010
0.01037,11010010
0.0104,11001000
0.01042,10111101
0.01044,10110001
0.01046,10100100
0.01049,10010110
0.01051,10000111
0.01053,1111001
0.01056,1101010
0.01058,1011100
0.0106,1001111
0.01062,1000010
0.01065,110111
0.01067,101110
0.01069,100110
0.01071,100000
0.01074,11011
0.01076,11001
0.01081,11011
0.01083,100000
0.01085,100110
0.01087,101110
0.0109,110111
0.01092,1000010
0.01094,1001111
0.01097,1011100
0.01099,1101010
0.01101,1111001
0.01103,10000111
0.01106,10010110
0.01108,10100100
0.0111,10110001
0.01113,10111110
0.01115,11001001
0.01117,11010010
0.01119,11011010
0.01122,11100000
0.01124,11100100
0.01126,11100110
0.01131,11100011
0.01133,11011111
0.01135,11011001
0.01138,11010001
0.0114,11000111
0.01142,10111100
0.01144,10101111
0.01147,10100010
0.01149,10010100
0.01151,10000101
0.01154,1110110
0.01156,1101000
0.01158,1011010
0.0116,1001101
0.01163,1000001
0.01165,110110
0.01167,101100
0.0117,100101
0.01172,11111
0.01174,11011
0.01176,11001
0.01179,11010
0.01181,11100
0.01183,100000
0.01185,100111
0.01188,101111
0.0119,111001
0.01192,1000100
0.01195,1010001
0.01197,1011110
0.01199,1101100
0.01201,1111011
0.01204,10001010
0.01206,10011000
0.01208,10100110
0.01211,10110011
0.01213,10111111
0.01215,11001010
0.01217,11010011
0.0122,11011011
0.01222,11100000
0.01224,11100100
0.01227,11100110
0.01229,11100101
0.01231,11100011
0.01233,11011110
0.01236,11011000
0.01238,11001111
0.0124,11000101
0.01242,10111010
0.01245,10101101
0.01247,10100000
0.01249,10010010
0.01252,10000011
0.01254,1110100
0.01256,1100110
0.01258,1011000
0.01261,1001011
0.01263,111111
0.01265,110100
0.01268,101011
0.0127,100100
0.01272,11110
0.01274,11011
0.01277,11001
0.01279,11010
0.01281,11100
0.01284,100001
0.01286,101000
0.01288,110000
0.0129,111010
0.01293,1000110
0.01295,1010011
0.01297,1100000
0.01299,1101110
0.01302,1111101
0.01304,10001100
0.01306,10011010
0.01309,10101000
0.01311,10110101
0.01313,11000001
0.01315,11001011
0.01318,11010100
0.0132,11011100
0.01322,11100001
0.01325,11100101
0.01327,11100110
0.01329,11100101
0.01331,11100010
0.01334,11011101
0.01336,11010111
0.01338,11001110
0.01341,11000100
0.01343,10111000
0.01345,10101100
0.01347,10011110
0.0135,10010000
0.01352,10000001
0.01354,1110010
0.01356,1100100
0.01359,1010110
0.01361,1001001
0.01363,111101
0.01366,110011
0.01368,101010
0.0137,100011
0.01372,11110
0.01375,11010
0.01377,11001
0.01379,11010
0.01382,11101
0.01384,100010
0.01386,101001
0.01388,110010
0.01391,111100
0.01393,1001000
0.01395,1010100
0.01398,1100010
0.014,1110000
0.01402,1111111
0.01404,10001110
0.01407,10011100
0.01409,10101010
0.01411,10110111
0.01413,11000010
0.01416,11001101
0.01418,11010110
0.0142,11011101
0.01423,11100010
0.01425,11100101
0.01427,11100110
0.01429,11100101
0.01432,11100010
0.01434,11011101
0.01436,11010110
0.01439,11001101
0.01441,11000010
0.01443,10110111
0.01445,10101010
0.01448,10011100
0.0145,10001110
0.01452,1111111
0.01455,1110000
0.01457,1100010
0.01459,1010100
0.01461,1001000
0.01464,111100
0.01466,110010
0.01468,101001
0.0147,100010
0.01473,11101
0.01475,11010
0.01477,11001
0.0148,11010
0.01482,11110
0.01484,100011
0.01486,101010
0.01489,110011
0.01491,111101
0.01493,1001001
0.01496,1010110
0.01498,1100100
0.015,1110010
0.01502,10000001
0.01505,10010000
0.01507,10011110
0.01509,10101100
0.01512,10111000
0.01514,11000100
0.01516,11001110
0.01518,11010111
0.01521,11011101
0.01523,11100010
0.01525,11100101
0.01527,11100110
0.0153,11100101
0.01532,11100001
0.01534,11011100
0.01537,11010100
0.01539,11001011
0.01541,11000001
0.01543,10110101
0.01546,10101000
0.01548,10011010
0.0155,10001100
0.01553,1111101
0.01555,1101110
0.01557,1100000
0.01559,1010010
0.01562,1000110
0.01564,111010
0.01566,110000
0.01569,101000
0.01571,100001
0.01573,11100
0.01575,11010
0.01578,11001
0.0158,11011
0.01582,11110
0.01584,100100
0.01587,101011
0.01589,110100
0.01591,111111
0.01594,1001011
0.01596,1011000
0.01598,1100110
0.016,1110100
0.01603,10000011
0.01605,10010010
0.01607,10100000
0.0161,10101101
0.01612,10111010
0.01614,11000101
0.01616,11001111
0.01619,11011000
0.01621,11011110
0.01623,11100011
0.01626,11100101
0.01628,11100110
0.0163,11100100
0.01632,11100000
0.01635,11011011
0.01637,11010011
0.01639,11001010
0.01641,10111111
0.01644,10110011
0.01646,10100110
0.01648,10011000
0.01651,10001010
0.01653,1111011
0.01655,1101100
0.01657,1011110
0.0166,1010001
0.01662,1000100
0.01664,111001
0.01667,101111
0.01669,100111
0.01671,100000
0.01673,11100
0.01676,11010
0.01678,11001
0.0168,11011
0.01683,11111
0.01685,100101
0.01687,101100
0.01689,110110
0.01692,1000001
0.01694,1001101
0.01696,1011010
0.01698,1101000
0.01701,1110111
0.01703,10000101
0.01705,10010100
0.01708,10100010
0.0171,10101111
0.01712,10111100
0.01714,11000111
0.01717,11010001
0.01719,11011001
0.01721,11011111
0.01724,11100011
0.01726,11100110
0.0173,11100100
0.01733,11100000
0.01735,11011010
0.01737,11010010
0.0174,11001001
0.01742,10111110
0.01744,10110001
0.01746,10100100
0.01749,10010110
0.01751,10000111
0.01753,1111001
0.01755,1101010
0.01758,1011100
0.0176,1001111
0.01762,1000010
0.01765,110111
0.01767,101110
0.01769,100110
0.01771,100000
0.01774,11011
0.01776,11001
0.01781,11011
0.01783,100000
0.01785,100110
0.01787,101110
0.0179,110111
0.01792,1000010
0.01794,1001111
0.01797,1011100
0.01799,1101010
0.01801,1111001
0.01803,10000111
0.01806,10010110
0.01808,10100100
0.0181,10110001
0.01812,10111101
0.01815,11001000
0.01817,11010010
0.01819,11011010
0.01822,11100000
0.01824,11100100
0.01826,11100110
0.01831,11100011
0.01833,11011111
0.01835,11011001
0.01838,11010001
0.0184,11000111
0.01842,10111100
0.01844,10101111
0.01847,10100010
0.01849,10010100
0.01851,10000101
0.01854,1110111
0.01856,1101000
0.01858,1011010
0.0186,1001101
0.01863,1000001
0.01865,110110
0.01867,101100
0.01869,100101
0.01872,11111
0.01874,11011
0.01876,11001
0.01879,11010
0.01881,11100
0.01883,100000
0.01885,100111
0.01888,101111
0.0189,111001
0.01892,1000100
0.01895,1010000
0.01897,1011110
0.01899,1101100
0.01901,1111011
0.01904,10001001
0.01906,10011000
0.01908,10100110
0.01911,10110011
0.01913,10111111
0.01915,11001010
0.01917,11010011
0.0192,11011011
0.01922,11100000
0.01924,11100100
0.01926,11100110
0.01929,11100101
0.01931,11100011
0.01933,11011110
0.01936,11011000
0.01938,11010000
0.0194,11000110
0.01942,10111010
0.01945,10101110
0.01947,10100000
0.01949,10010010
0.01952,10000011
0.01954,1110101
0.01956,1100110
0.01958,1011000
0.01961,1001011
0.01963,111111
0.01965,110100
0.01968,101011
0.0197,100100
0.01972,11110
0.01974,11011
0.01977,11001
0.01979,11010
0.01981,11100
0.01983,100001
0.01986,101000
0.01988,110000
0.0199,111010
0.01993,1000110
0.01995,1010010
0.01997,1100000
0.01999,1101110
0.02002,1111101
0.02004,10001011
0.02006,10011010
0.02009,10101000
0.02011,10110101
0.02013,11000001
0.02015,11001011
0.02018,11010100
0.0202,11011100
0.02022,11100001
0.02025,11100100
0.02027,11100110
0.02029,11100101
0.02031,11100010
0.02034,11011110
0.02036,11010111
0.02038,11001110
0.0204,11000100
0.02043,10111001
0.02045,10101100
0.02047,10011110
0.0205,10010000
0.02052,10000001
0.02054,1110011
0.02056,1100100
0.02059,1010110
0.02061,1001001
0.02063,111110
0.02066,110011
0.02068,101010
0.0207,100011
0.02072,11110
0.02075,11010
0.02077,11001
0.02079,11010
0.02082,11101
0.02084,100010
0.02086,101001
0.02088,110001
0.02091,111100
0.02093,1000111
0.02095,1010100
0.02097,1100010
0.021,1110000
0.02102,1111111
0.02104,10001101
0.02107,10011100
0.02109,10101001
0.02111,10110110
0.02113,11000010
0.02116,11001101
0.02118,11010101
0.0212,11011100
0.02123,11100010
0.02125,11100101
0.02127,11100110
0.02129,11100101
0.02132,11100010
0.02134,11011101
0.02136,11010110
0.02139,11001101
0.02141,11000011
0.02143,10110111
0.02145,10101010
0.02148,10011100
0.0215,10001110
0.02152,1111111
0.02154,1110001
0.02157,1100010
0.02159,1010101
0.02161,1001000
0.02164,111100
0.02166,110010
0.02168,101001
0.0217,100010
0.02173,11101
0.02175,11010
0.02177,11001
0.0218,11010
0.02182,11101
0.02184,100011
0.02186,101010
0.02189,110011
0.02191,111101
0.02193,1001001
0.02196,1010110
0.02198,1100100
0.022,1110010
0.02202,10000001
0.02205,10001111
0.02207,10011110
0.02209,10101011
0.02211,10111000
0.02214,11000100
0.02216,11001110
0.02218,11010111
0.02221,11011101
0.02223,11100010
0.02225,11100101
0.02227,11100110
0.0223,11100101
0.02232,11100001
0.02234,11011100
0.02237,11010101
0.02239,11001100
0.02241,11000001
0.02243,10110101
0.02246,10101000
0.02248,10011010
0.0225,10001100
0.02253,1111101
0.02255,1101111
0.02257,1100000
0.02259,1010011
0.02262,1000110
0.02264,111011
0.02266,110000
0.02268,101000
0.02271,100001
0.02273,11101
0.02275,11010
0.02278,11001
0.0228,11011
0.02282,11110
0.02284,100100
0.02287,101011
0.02289,110100
0.02291,111111
0.02294,1001011
0.02296,1011000
0.02298,1100110
0.023,1110100
0.02303,10000011
0.02305,10010001
0.02307,10100000
0.0231,10101101
0.02312,10111010
0.02314,11000101
0.02316,11001111
0.02319,11011000
0.02321,11011110
0.02323,11100011
0.02325,11100101
0.02328,11100110
0.0233,11100100
0.02332,11100001
0.02335,11011011
0.02337,11010011
0.02339,11001010
0.02341,10111111
0.02344,10110011
0.02346,10100110
0.02348,10011000
0.02351,10001010
0.02353,1111011
0.02355,1101101
0.02357,1011110
0.0236,1010001
0.02362,1000100
0.02364,111001
0.02367,101111
0.02369,100111
0.02371,100000
0.02373,11100
0.02376,11010
0.02378,11001
0.0238,11011
0.02382,11111
0.02385,100101
0.02387,101100
0.02389,110110
0.02392,1000000
0.02394,1001101
0.02396,1011010
0.02398,1101000
0.02401,1110110
0.02403,10000101
0.02405,10010011
0.02408,10100010
0.0241,10101111
0.02412,10111011
0.02414,11000111
0.02417,11010000
0.02419,11011001
0.02421,11011111
0.02424,11100011
0.02426,11100110
0.0243,11100100
0.02433,11100000
0.02435,11011010
0.02437,11010010
0.02439,11001001
0.02442,10111110
0.02444,10110001
0.02446,10100100
0.02449,10010110
0.02451,10001000
0.02453,1111001
0.02455,1101011
0.02458,1011100
0.0246,1001111
0.02462,1000011
0.02465,111000
0.02467,101110
0.02469,100110
0.02471,100000
0.02474,11100
0.02476,11001
0.02481,11011
0.02483,11111
0.02485,100110
0.02487,101101
0.0249,110111
0.02492,1000010
0.02494,1001110
0.02496,1011100
0.02499,1101010
0.02501,1111000
0.02503,10000111
0.02506,10010101
0.02508,10100100
0.0251,10110001
0.02512,10111101
0.02515,11001000
0.02517,11010010
0.02519,11011010
0.02522,11100000
0.02524,11100100
0.02526,11100110
0.02531,11100011
0.02533,11011111
0.02535,11011001
0.02538,11010001
0.0254,11000111
0.02542,10111100
0.02544,10110000
0.02547,10100010
0.02549,10010100
0.02551,10000110
0.02553,1110111
0.02556,1101001
0.02558,1011011
0.0256,1001101
0.02563,1000001
0.02565,110110
0.02567,101101
0.02569,100101
0.02572,11111
0.02574,11011
0.02576,11001
0.02581,11100
0.02583,100000
0.02585,100111
0.02588,101111
0.0259,111000
0.02592,1000100
0.02595,1010000
0.02597,1011110
0.02599,1101100
0.02601,1111010
0.02604,10001001
0.02606,10010111
0.02608,10100101
0.0261,10110011
0.02613,10111111
0.02615,11001010
0.02617,11010011
0.0262,11011011
0.02622,11100000
0.02624,11100100
0.02626,11100110
0.02629,11100101
0.02631,11100011
0.02633,11011110
0.02636,11011000
0.02638,11010000
0.0264,11000110
0.02642,10111010
0.02645,10101110
0.02647,10100000
0.02649,10010010
0.02652,10000100
0.02654,1110101
0.02656,1100111
0.02658,1011001
0.02661,1001011
0.02663,111111
0.02665,110101
0.02667,101011
0.0267,100100
0.02672,11110
0.02674,11011
0.02677,11001
0.02679,11010
0.02681,11100
0.02683,100001
0.02686,101000
0.02688,110000
0.0269,111010
0.02693,1000101
0.02695,1010010
0.02697,1100000
0.02699,1101110
0.02702,1111100
0.02704,10001011
0.02706,10011001
0.02709,10100111
0.02711,10110100
0.02713,11000000
0.02715,11001011
0.02718,11010100
0.0272,11011011
0.02722,11100001
0.02724,11100100
0.02727,11100110
0.02729,11100101
0.02731,11100010
0.02734,11011110
0.02736,11010111
0.02738,11001110
0.0274,11000100
0.02743,10111001
0.02745,10101100
0.02747,10011110
0.0275,10010000
0.02752,10000010
0.02754,1110011
0.02756,1100101
0.02759,1010111
0.02761,1001010
0.02763,111110
0.02766,110011
0.02768,101010
0.0277,100011
0.02772,11110
0.02775,11010
0.02777,11001
0.02779,11010
0.02781,11101
0.02784,100010
0.02786,101001
0.02788,110001
0.02791,111100
0.02793,1000111
0.02795,1010100
0.02797,1100010
0.028,1110000
0.02802,1111110
0.02804,10001101
0.02807,10011011
0.02809,10101001
0.02811,10110110
0.02813,11000010
0.02816,11001100
0.02818,11010101
0.0282,11011100
0.02823,11100010
0.02825,11100101
0.02827,11100110
0.02829,11100101
0.02832,11100010
0.02834,11011101
0.02836,11010110
0.02838,11001101
0.02841,11000011
0.02843,10110111
0.02845,10101010
0.02848,10011100
0.0285,10001110
0.02852,1111111
0.02854,1110001
0.02857,1100011
0.02859,1010101
0.02861,1001000
0.02864,111100
0.02866,110010
0.02868,101001
0.0287,100010
0.02873,11101
0.02875,11010
0.02877,11001
0.0288,11010
0.02882,11101
0.02884,100011
0.02886,101010
0.02889,110011
0.02891,111101
0.02893,1001001
0.02895,1010110
0.02898,1100100
0.029,1110010
0.02902,10000001
0.02905,10001111
0.02907,10011101
0.02909,10101011
0.02911,10111000
0.02914,11000100
0.02916,11001110
0.02918,11010110
0.02921,11011101
0.02923,11100010
0.02925,11100101
0.02927,11100110
0.0293,11100101
0.02932,11100001
0.02934,11011100
0.02937,11010101
0.02939,11001100
0.02941,11000001
0.02943,10110101
0.02946,10101000
0.02948,10011010
0.0295,10001100
0.02952,1111101
0.02955,1101111
0.02957,1100001
0.02959,1010011
0.02962,1000110
0.02964,111011
0.02966,110001
0.02968,101000
0.02971,100001
0.02973,11101
0.02975,11010
0.02978,11001
0.0298,11011
0.02982,11110
0.02984,100100
0.02987,101011
0.02989,110100
0.02991,111111
0.02994,1001011
0.02996,1011000
0.02998,1100110
0.03,1110100
0.03003,10000011
0.03005,10010001
0.03007,10011111
0.03009,10101101
0.03012,10111010
0.03014,11000101
0.03016,11001111
0.03019,11010111
0.03021,11011110
0.03023,11100011
0.03025,11100101
0.03028,11100110
0.0303,11100100
0.03032,11100001
0.03035,11011011
0.03037,11010100
0.03039,11001010
0.03041,11000000
0.03044,10110100
0.03046,10100110
0.03048,10011000
0.03051,10001010
0.03053,1111011
0.03055,1101101
0.03057,1011111
0.0306,1010001
0.03062,1000101
0.03064,111001
0.03066,101111
0.03069,100111
0.03071,100001
0.03073,11100
0.03076,11010
0.03078,11001
0.0308,11011
0.03082,11111
0.03085,100100
0.03087,101100
0.03089,110101
0.03092,1000000
0.03094,1001100
0.03096,1011010
0.03098,1101000
0.03101,1110110
0.03103,10000101
0.03105,10010011
0.03108,10100001
0.0311,10101111
0.03112,10111011
0.03114,11000111
0.03117,11010000
0.03119,11011000
0.03121,11011111
0.03123,11100011
0.03126,11100110
0.0313,11100100
0.03133,11100000
0.03135,11011010
0.03137,11010010
0.03139,11001001
0.03142,10111110
0.03144,10110010
0.03146,10100100
0.03149,10010110
0.03151,10001000
0.03153,1111001
0.03155,1101011
0.03158,1011101
0.0316,1001111
0.03162,1000011
0.03165,111000
0.03167,101110
0.03169,100110
0.03171,100000
0.03174,11100
0.03176,11001
0.0318,11011
0.03183,11111
0.03185,100101
0.03187,101101
0.0319,110111
0.03192,1000010
0.03194,1001110
0.03196,1011011
0.03199,1101010
0.03201,1111000
0.03203,10000111
0.03206,10010101
0.03208,10100011
0.0321,10110001
0.03212,10111101
0.03215,11001000
0.03217,11010010
0.03219,11011001
0.03222,11100000
0.03224,11100100
0.03226,11100110
0.03231,11100011
0.03233,11011111
0.03235,11011001
0.03237,11010001
0.0324,11000111
0.03242,10111100
0.03244,10110000
0.03247,10100011
0.03249,10010100
0.03251,10000110
0.03253,1110111
0.03256,1101001
0.03258,1011011
0.0326,1001101
0.03263,1000001
0.03265,110110
0.03267,101101
0.03269,100101
0.03272,11111
0.03274,11011
0.03276,11001
0.03281,11100
0.03283,100000
0.03285,100110
0.03288,101111
0.0329,111000
0.03292,1000100
0.03294,1010000
0.03297,1011101
0.03299,1101100
0.03301,1111010
0.03304,10001001
0.03306,10010111
0.03308,10100101
0.0331,10110010
0.03313,10111111
0.03315,11001001
0.03317,11010011
0.0332,11011010
0.03322,11100000
0.03324,11100100
0.03326,11100110
0.03329,11100101
0.03331,11100011
0.03333,11011111
0.03336,11011000
0.03338,11010000
0.0334,11000110
0.03342,10111011
0.03345,10101110
0.03347,10100001
0.03349,10010010
0.03351,10000100
0.03354,1110101
0.03356,1100111
0.03358,1011001
0.03361,1001100
0.03363,1000000
0.03365,110101
0.03367,101100
0.0337,100100
0.03372,11110
0.03374,11011
0.03377,11001
0.03379,11010
0.03381,11100
0.03383,100001
0.03386,100111
0.03388,110000
0.0339,111010
0.03393,1000101
0.03395,1010010
0.03397,1011111
0.03399,1101110
0.03402,1111100
0.03404,10001011
0.03406,10011001
0.03408,10100111
0.03411,10110100
0.03413,11000000
0.03415,11001011
0.03418,11010100
0.0342,11011011
0.03422,11100001
0.03424,11100100
0.03427,11100110
0.03429,11100101
0.03431,11100010
0.03434,11011110
0.03436,11010111
0.03438,11001111
0.0344,11000100
0.03443,10111001
0.03445,10101100
0.03447,10011111
0.0345,10010000
0.03452,10000010
0.03454,1110011
0.03456,1100101
0.03459,1010111
0.03461,1001010
0.03463,111110
0.03465,110011
0.03468,101010
0.0347,100011
0.03472,11110
0.03475,11010
0.03477,11001
0.03479,11010
0.03481,11101
0.03484,100010
0.03486,101000
0.03488,110001
0.03491,111011
0.03493,1000111
0.03495,1010100
0.03497,1100001
0.035,1110000
0.03502,1111110
0.03504,10001101
0.03507,10011011
0.03509,10101001
0.03511,10110110
0.03513,11000010
0.03516,11001100
0.03518,11010101
0.0352,11011100
0.03522,11100010
0.03525,11100101
0.03527,11100110
0.03529,11100101
0.03532,11100010
0.03534,11011101
0.03536,11010110
0.03538,11001101
0.03541,11000011
0.03543,10110111
0.03545,10101010
0.03548,10011101
0.0355,10001110
0.03552,10000000
0.03554,1110001
0.03557,1100011
0.03559,1010101
0.03561,1001000
0.03564,111100
0.03566,110010
0.03568,101001
0.0357,100010
0.03573,11101
0.03575,11010
0.03577,11001
0.03579,11010
0.03582,11101
0.03584,100011
0.03586,101010
0.03589,110010
0.03591,111101
0.03593,1001001
0.03595,1010110
0.03598,1100011
0.036,1110010
0.03602,10000000
0.03605,10001111
0.03607,10011101
0.03609,10101011
0.03611,10111000
0.03614,11000011
0.03616,11001110
0.03618,11010110
0.03621,11011101
0.03623,11100010
0.03625,11100101
0.03627,11100110
0.0363,11100101
0.03632,11100001
0.03634,11011100
0.03636,11010101
0.03639,11001100
0.03641,11000001
0.03643,10110101
0.03646,10101001
0.03648,10011011
0.0365,10001100
0.03652,1111110
0.03655,1101111
0.03657,1100001
0.03659,1010011
0.03662,1000110
0.03664,111011
0.03666,110001
0.03668,101000
0.03671,100001
0.03673,11101
0.03675,11010
0.03678,11001
0.0368,11011
0.03682,11110
0.03684,100011
0.03687,101011
0.03689,110100
0.03691,111110
0.03693,1001010
0.03696,1010111
0.03698,1100101
0.037,1110100
0.03703,10000010
0.03705,10010001
0.03707,10011111
0.03709,10101101
0.03712,10111001
0.03714,11000101
0.03716,11001111
0.03719,11010111
0.03721,11011110
0.03723,11100011
0.03725,11100101
0.03728,11100110
0.0373,11100100
0.03732,11100001
0.03735,11011011
0.03737,11010100
0.03739,11001010
0.03741,11000000
0.03744,10110100
0.03746,10100111
0.03748,10011001
0.0375,10001010
0.03753,1111100
0.03755,1101101
0.03757,1011111
0.0376,1010001
0.03762,1000101
0.03764,111001
0.03766,101111
0.03769,100111
0.03771,100001
0.03773,11100
0.03776,11010
0.03778,11001
0.0378,11011
0.03782,11111
0.03785,100100
0.03787,101100
0.03789,110101
0.03792,1000000
0.03794,1001100
0.03796,1011001
0.03798,1100111
0.03801,1110110
0.03803,10000100
0.03805,10010011
0.03807,10100001
0.0381,10101111
0.03812,10111011
0.03814,11000110
0.03817,11010000
0.03819,11011000
0.03821,11011111
0.03823,11100011
0.03826,11100101
0.03828,11100110
0.0383,11100100
0.03833,11100000
0.03835,11011010
0.03837,11010010
0.03839,11001001
0.03842,10111110
0.03844,10110010
0.03846,10100101
0.03849,10010111
0.03851,10001000
0.03853,1111010
0.03855,1101011
0.03858,1011101
0.0386,1010000
0.03862,1000011
0.03864,111000
0.03867,101110
0.03869,100110
0.03871,100000
0.03874,11100
0.03876,11001
0.0388,11011
0.03883,11111
0.03885,100101
0.03887,101101
0.0389,110111
0.03892,1000010
0.03894,1001110
0.03896,1011011
0.03899,1101001
0.03901,1111000
0.03903,10000110
0.03906,10010101
0.03908,10100011
0.0391,10110000
0.03912,10111101
0.03915,11001000
0.03917,11010001
0.03919,11011001
0.03921,11011111
0.03924,11100100
0.03926,11100110
0.03931,11100100
0.03933,11011111
0.03935,11011001
0.03937,11010001
0.0394,11001000
0.03942,10111101
0.03944,10110000
0.03947,10100011
0.03949,10010101
0.03951,10000110
0.03953,1111000
0.03956,1101001
0.03958,1011011
0.0396,1001110
0.03963,1000001
0.03965,110110
0.03967,101101
0.03969,100101
0.03972,11111
0.03974,11011
0.03976,11001
0.03981,11100
0.03983,100000
0.03985,100110
0.03988,101110
0.0399,111000
0.03992,1000011
0.03994,1010000
0.03997,1011101
0.03999,1101011
0.04001,1111010
0.04004,10001001
0.04006,10010111
0.04008,10100101
0.0401,10110010
0.04013,10111110
0.04015,11001001
0.04017,11010011
0.0402,11011010
0.04022,11100000
0.04024,11100100
0.04026,11100110
0.04029,11100101
0.04031,11100011
0.04033,11011111
0.04035,11011000
0.04038,11010000
0.0404,11000110
0.04042,10111011
0.04045,10101110
0.04047,10100001
0.04049,10010011
0.04051,10000100
0.04054,1110101
0.04056,1100111
0.04058,1011001
0.04061,1001100
0.04063,1000000
0.04065,110101
0.04067,101100
0.0407,100100
0.04072,11111
0.04074,11011
0.04077,11001
0.04079,11010
0.04081,11100
0.04083,100001
0.04086,100111
0.04088,110000
0.0409,111010
0.04092,1000101
0.04095,1010010
0.04097,1011111
0.04099,1101101
0.04102,1111100
0.04104,10001011
0.04106,10011001
0.04108,10100111
0.04111,10110100
0.04113,11000000
0.04115,11001011
0.04118,11010100
0.0412,11011011
0.04122,11100001
0.04124,11100100
0.04127,11100110
0.04129,11100101
0.04131,11100011
0.04134,11011110
0.04136,11010111
0.04138,11001111
0.0414,11000101
0.04143,10111001
0.04145,10101100
0.04147,10011111
0.04149,10010001
0.04152,10000010
0.04154,1110011
0.04156,1100101
0.04159,1010111
0.04161,1001010
0.04163,111110
0.04165,110100
0.04168,101011
0.0417,100011
0.04172,11110
0.04175,11010
0.04177,11001
0.04179,11010
0.04181,11101
0.04184,100010
0.04186,101000
0.04188,110001
0.04191,111011
0.04193,1000111
0.04195,1010011
0.04197,1100001
0.042,1101111
0.04202,1111110
0.04204,10001101
0.04206,10011011
0.04209,10101001
0.04211,10110110
0.04213,11000010
0.04216,11001100
0.04218,11010101
0.0422,11011100
0.04222,11100001
0.04225,11100101
0.04227,11100110
0.04229,11100101
0.04232,11100010
0.04234,11011101
0.04236,11010110
0.04238,11001101
0.04241,11000011
0.04243,10110111
0.04245,10101011
0.04248,10011101
0.0425,10001111
0.04252,10000000
0.04254,1110001
0.04257,1100011
0.04259,1010101
0.04261,1001000
0.04263,111101
0.04266,110010
0.04268,101001
0.0427,100010
0.04273,11101
0.04275,11010
0.04277,11001
0.04279,11010
0.04282,11101
0.04284,100010
0.04286,101001
0.04289,110010
0.04291,111101
0.04293,1001000
0.04295,1010101
0.04298,1100011
0.043,1110001
0.04302,10000000
0.04305,10001111
0.04307,10011101
0.04309,10101011
0.04311,10110111
0.04314,11000011
0.04316,11001101
0.04318,11010110
0.0432,11011101
0.04323,11100010
0.04325,11100101
0.04327,11100110
0.0433,11100101
0.04332,11100001
0.04334,11011100
0.04336,11010101
0.04339,11001100
0.04341,11000010
0.04343,10110110
0.04346,10101001
0.04348,10011011
0.0435,10001101
0.04352,1111110
0.04355,1101111
0.04357,1100001
0.04359,1010011
0.04362,1000111
0.04364,111011
0.04366,110001
0.04368,101000
0.04371,100010
0.04373,11101
0.04375,11010
0.04377,11001
0.0438,11010
0.04382,11110
0.04384,100011
0.04387,101011
0.04389,110100
0.04391,111110
0.04393,1001010
0.04396,1010111
0.04398,1100101
0.044,1110011
0.04403,10000010
0.04405,10010001
0.04407,10011111
0.04409,10101101
0.04412,10111001
0.04414,11000101
0.04416,11001111
0.04419,11010111
0.04421,11011110
0.04423,11100011
0.04425,11100101
0.04428,11100110
0.0443,11100100
0.04432,11100001
0.04434,11011011
0.04437,11010100
0.04439,11001011
0.04441,11000000
0.04444,10110100
0.04446,10100111
0.04448,10011001
0.0445,10001011
0.04453,1111100
0.04455,1101101
0.04457,1011111
0.0446,1010010
0.04462,1000101
0.04464,111010
0.04466,110000
0.04469,100111
0.04471,100001
0.04473,11100
0.04476,11010
0.04478,11001
0.0448,11011
0.04482,11111
0.04485,100100
0.04487,101100
0.04489,110101
0.04491,1000000
0.04494,1001100
0.04496,1011001
0.04498,1100111
0.04501,1110101
0.04503,10000100
0.04505,10010011
0.04507,10100001
0.0451,10101110
0.04512,10111011
0.04514,11000110
0.04517,11010000
0.04519,11011000
0.04521,11011111
0.04523,11100011
0.04526,11100101
0.04528,11100110
0.0453,11100100
0.04533,11100000
0.04535,11011010
0.04537,11010011
0.04539,11001001
0.04542,10111110
0.04544,10110010
0.04546,10100101
0.04548,10010111
0.04551,10001000
0.04553,1111010
0.04555,1101011
0.04558,1011101
0.0456,1010000
0.04562,1000011
0.04564,111000
0.04567,101110
0.04569,100110
0.04571,100000
0.04574,11100
0.04576,11001
0.0458,11011
0.04583,11111
0.04585,100101
0.04587,101101
0.0459,110110
0.04592,1000001
0.04594,1001110
0.04596,1011011
0.04599,1101001
0.04601,1111000
0.04603,10000110
0.04605,10010101
0.04608,10100011
0.0461,10110000
0.04612,10111101
0.04615,11001000
0.04617,11010001
0.04619,11011001
0.04621,11011111
0.04624,11100100
0.04626,11100110
0.04631,11100100
0.04633,11011111
0.04635,11011001
0.04637,11010001
0.0464,11001000
0.04642,10111101
0.04644,10110000
0.04647,10100011
0.04649,10010101
0.04651,10000110
0.04653,1111000
0.04656,1101001
0.04658,1011011
0.0466,1001110
0.04662,1000010
0.04665,110111
0.04667,101101
0.04669,100101
0.04672,11111
0.04674,11011
0.04676,11001
0.04681,11100
0.04683,100000
0.04685,100110
0.04688,101110
0.0469,111000
0.04692,1000011
0.04694,1010000
0.04697,1011101
0.04699,1101011
0.04701,1111010
0.04704,10001000
0.04706,10010111
0.04708,10100101
0.0471,10110010
0.04713,10111110
0.04715,11001001
0.04717,11010011
0.04719,11011010
0.04722,11100000
0.04724,11100100
0.04726,11100110
0.04729,11100101
0.04731,11100011
0.04733,11011111
0.04735,11011000
0.04738,11010000
0.0474,11000110
0.04742,10111011
0.04745,10101111
0.04747,10100001
0.04749,10010011
0.04751,10000100
0.04754,1110110
0.04756,1100111
0.04758,1011001
0.04761,1001100
0.04763,1000000
0.04765,110101
0.04767,101100
0.0477,100100
0.04772,11111
0.04774,11011
0.04776,11001
0.04779,11010
0.04781,11100
0.04783,100001
0.04786,100111
0.04788,101111
0.0479,111001
0.04792,1000101
0.04795,1010001
0.04797,1011111
0.04799,1101101
0.04802,1111100
0.04804,10001010
0.04806,10011001
0.04808,10100111
0.04811,10110100
0.04813,11000000
0.04815,11001011
0.04818,11010100
0.0482,11011011
0.04822,11100001
0.04824,11100100
0.04827,11100110
0.04829,11100101
0.04831,11100011
0.04833,11011110
0.04836,11010111
0.04838,11001111
0.0484,11000101
0.04843,10111001
0.04845,10101101
0.04847,10011111
0.04849,10010001
0.04852,10000010
0.04854,1110100
0.04856,1100101
0.04859,1010111
0.04861,1001010
0.04863,111110
0.04865,110100
0.04868,101011
0.0487,100011
0.04872,11110
0.04875,11011
0.04877,11001
0.04879,11010
0.04881,11101
0.04884,100001
0.04886,101000
0.04888,110001
0.0489,111011
0.04893,1000110
0.04895,1010011
0.04897,1100001
0.049,1101111
0.04902,1111110
0.04904,10001100
0.04906,10011011
0.04909,10101001
0.04911,10110110
0.04913,11000001
0.04916,11001100
0.04918,11010101
0.0492,11011100
0.04922,11100001
0.04925,11100101
0.04927,11100110
0.04929,11100101
0.04932,11100010
0.04934,11011101
0.04936,11010110
0.04938,11001110
0.04941,11000011
0.04943,10111000
0.04945,10101011
0.04947,10011101
0.0495,10001111
0.04952,10000000
0.04954,1110010
0.04957,1100011
0.04959,1010110
0.04961,1001001
0.04963,111101
0.04966,110010
0.04968,101010
0.0497,100011
0.04973,11101
0.04975,11010
0.04977,11001
0.04979,11010
0.04982,11101
0.04984,100010
0.04986,101001
0.04989,110010
0.04991,111100
0.04993,1001000
0.04995,1010101
0.04998,1100011
0.05,1110001
0.05002,10000000
0.05004,10001110
0.05007,10011101
0.05009,10101010
0.05011,10110111
0.05014,11000011
0.05016,11001101
0.05018,11010110
0.0502,11011101
0.05023,11100010
0.05025,11100101
0.05027,11100110
0.0503,11100101
0.05032,11100010
0.05034,11011100
0.05036,11010101
0.05039,11001100
0.05041,11000010
0.05043,10110110
0.05046,10101001
0.05048,10011011
0.0505,10001101
0.05052,1111110
0.05055,1110000
0.05057,1100001
0.05059,1010100
0.05061,1000111
0.05064,111011
0.05066,110001
0.05068,101000
0.05071,100010
0.05073,11101
0.05075,11010
0.05077,11001
0.0508,11010
0.05082,11110
0.05084,100011
0.05087,101010
0.05089,110011
0.05091,111110
0.05093,1001010
0.05096,1010111
0.05098,1100101
0.051,1110011
0.05103,10000010
0.05105,10010000
0.05107,10011111
0.05109,10101100
0.05112,10111001
0.05114,11000100
0.05116,11001111
0.05118,11010111
0.05121,11011110
0.05123,11100010
0.05125,11100101
0.05128,11100110
0.0513,11100100
0.05132,11100001
0.05134,11011011
0.05137,11010100
0.05139,11001011
0.05141,11000000
0.05144,10110100
0.05146,10100111
0.05148,10011001
0.0515,10001011
0.05153,1111100
0.05155,1101110
0.05157,1011111
0.0516,1010010
0.05162,1000101
0.05164,111010
0.05166,110000
0.05169,100111
0.05171,100001
0.05173,11100
0.05175,11010
0.05178,11001
0.0518,11011
0.05182,11110
0.05185,100100
0.05187,101100
0.05189,110101
0.05191,1000000
0.05194,1001100
0.05196,1011001
0.05198,1100111
0.05201,1110101
0.05203,10000100
0.05205,10010010
0.05207,10100001
0.0521,10101110
0.05212,10111011
0.05214,11000110
0.05217,11010000
0.05219,11011000
0.05221,11011111
0.05223,11100011
0.05226,11100101
0.05228,11100110
0.0523,11100100
0.05232,11100000
0.05235,11011010
0.05237,11010011
0.05239,11001001
0.05242,10111111
0.05244,10110010
0.05246,10100101
0.05248,10010111
0.05251,10001001
0.05253,1111010
0.05255,1101100
0.05258,1011101
0.0526,1010000
0.05262,1000100
0.05264,111000
0.05267,101111
0.05269,100110
0.05271,100000
0.05274,11100
0.05276,11001
0.0528,11011
0.05283,11111
0.05285,100101
0.05287,101101
0.05289,110110
0.05292,1000001
0.05294,1001110
0.05296,1011011
0.05299,1101001
0.05301,1110111
0.05303,10000110
0.05305,10010100
0.05308,10100011
0.0531,10110000
0.05312,10111100
0.05315,11000111
0.05317,11010001
0.05319,11011001
0.05321,11011111
0.05324,11100011
0.05326,11100110
0.05331,11100100
0.05333,11100000
0.05335,11011001
0.05337,11010010
0.0534,11001000
0.05342,10111101
0.05344,10110001
0.05346,10100011
0.05349,10010101
0.05351,10000111
0.05353,1111000
0.05356,1101010
0.05358,1011011
0.0536,1001110
0.05362,1000010
0.05365,110111
0.05367,101101
0.05369,100101
0.05372,11111
0.05374,11011
0.05376,11001
0.05381,11100
0.05383,100000
0.05385,100110
0.05388,101110
0.0539,111000
0.05392,1000011
0.05394,1001111
0.05397,1011101
0.05399,1101011
0.05401,1111001
0.05403,10001000
0.05406,10010110
0.05408,10100100
0.0541,10110010
0.05413,10111110
0.05415,11001001
0.05417,11010010
0.05419,11011010
0.05422,11100000
0.05424,11100100
0.05426,11100110
0.05431,11100011
0.05433,11011111
0.05435,11011000
0.05438,11010000
0.0544,11000111
0.05442,10111011
0.05445,10101111
0.05447,10100001
0.05449,10010011
0.05451,10000101
0.05454,1110110
0.05456,1101000
0.05458,1011010
0.0546,1001100
0.05463,1000000
0.05465,110101
0.05467,101100
0.0547,100100
0.05472,11111
0.05474,11011
0.05476,11001
0.05479,11010
0.05481,11100
0.05483,100001
0.05486,100111
0.05488,101111
0.0549,111001
0.05492,1000101
0.05495,1010001
0.05497,1011111
0.05499,1101101
0.05502,1111011
0.05504,10001010
0.05506,10011000
0.05508,10100110
0.05511,10110100
0.05513,11000000
0.05515,11001010
0.05517,11010100
0.0552,11011011
0.05522,11100001
0.05524,11100100
0.05527,11100110
0.05529,11100101
0.05531,11100011
0.05533,11011110
0.05536,11010111
0.05538,11001111
0.0554,11000101
0.05543,10111010
0.05545,10101101
0.05547,10011111
0.05549,10010001
0.05552,10000011
0.05554,1110100
0.05556,1100110
0.05559,1011000
0.05561,1001011
0.05563,111111
0.05565,110100
0.05568,101011
0.0557,100100
0.05572,11110
0.05574,11011
0.05577,11001
0.05579,11010
0.05581,11101
0.05584,100001
0.05586,101000
0.05588,110001
0.0559,111011
0.05593,1000110
0.05595,1010011
0.05597,1100001
0.056,1101111
0.05602,1111101
0.05604,10001100
0.05606,10011010
0.05609,10101000
0.05611,10110101
0.05613,11000001
0.05616,11001100
0.05618,11010101
0.0562,11011100
0.05622,11100001
0.05625,11100101
0.05627,11100110
0.05629,11100101
0.05631,11100010
0.05634,11011101
0.05636,11010110
0.05638,11001110
0.05641,11000011
0.05643,10111000
0.05645,10101011
0.05647,10011101
0.0565,10001111
0.05652,10000001
0.05654,1110010
0.05657,1100100
0.05659,1010110
0.05661,1001001
0.05663,111101
0.05666,110011
0.05668,101010
0.0567,100011
0.05673,11101
0.05675,11010
0.05677,11001
0.05679,11010
0.05682,11101
0.05684,100010
0.05686,101001
0.05688,110010
0.05691,111100
0.05693,1001000
0.05695,1010101
0.05698,1100011
0.057,1110001
0.05702,10000000
0.05704,10001110
0.05707,10011100
0.05709,10101010
0.05711,10110111
0.05714,11000011
0.05716,11001101
0.05718,11010110
0.0572,11011101
0.05723,11100010
0.05725,11100101
0.05727,11100110
0.0573,11100101
0.05732,11100010
0.05734,11011100
0.05736,11010101
0.05739,11001100
0.05741,11000010
0.05743,10110110
0.05745,10101001
0.05748,10011011
0.0575,10001101
0.05752,1111110
0.05755,1110000
0.05757,1100010
0.05759,1010100
0.05761,1000111
0.05764,111011
0.05766,110001
0.05768,101001
0.05771,100010
0.05773,11101
0.05775,11010
0.05777,11001
0.0578,11010
0.05782,11110
0.05784,100011
0.05787,101010
0.05789,110011
0.05791,111110
0.05793,1001010
0.05796,1010111
0.05798,1100101
0.058,1110011
0.05802,10000010
0.05805,10010000
0.05807,10011110
0.05809,10101100
0.05812,10111001
0.05814,11000100
0.05816,11001110
0.05818,11010111
0.05821,11011110
0.05823,11100010
0.05825,11100101
0.05828,11100110
0.0583,11100100
0.05832,11100001
0.05834,11011011
0.05837,11010100
0.05839,11001011
0.05841,11000000
0.05844,10110100
0.05846,10100111
0.05848,10011001
0.0585,10001011
0.05853,1111100
0.05855,1101110
0.05857,1100000
0.05859,1010010
0.05862,1000101
0.05864,111010
0.05866,110000
0.05869,101000
0.05871,100001
0.05873,11100
0.05875,11010
0.05878,11001
0.0588,11011
0.05882,11110
0.05885,100100
0.05887,101011
0.05889,110101
0.05891,111111
0.05894,1001011
0.05896,1011001
0.05898,1100111
0.05901,1110101
0.05903,10000100
0.05905,10010010
0.05907,10100000
0.0591,10101110
0.05912,10111010
0.05914,11000110
0.05916,11010000
0.05919,11011000
0.05921,11011110
0.05923,11100011
0.05926,11100101
0.05928,11100110
0.0593,11100100
0.05932,11100000
0.05935,11011011
0.05937,11010011
0.05939,11001010
0.05942,10111111
0.05944,10110011
0.05946,10100101
0.05948,10010111
0.05951,10001001
0.05953,1111010
0.05955,1101100
0.05958,1011110
0.0596,1010000
0.05962,1000100
0.05964,111000
0.05967,101111
0.05969,100111
0.05971,100000
0.05973,11100
0.05976,11001
0.0598,11011
0.05983,11111
0.05985,100101
0.05987,101101
0.05989,110110
0.05992,1000001
0.05994,1001101
0.05996,1011011
0.05999,1101001
0.06001,1110111
0.06003,10000110
0.06005,10010100
0.06008,10100010
0.0601,10110000
0.06012,10111100
0.06015,11000111
0.06017,11010001
0.06019,11011001
0.06021,11011111
0.06024,11100011
0.06026,11100110
0.0603,11100100
0.06033,11100000
0.06035,11011010
0.06037,11010010
0.0604,11001000
0.06042,10111101
0.06044,10110001
0.06046,10100100
0.06049,10010101
0.06051,10000111
0.06053,1111000
0.06056,1101010
0.06058,1011100
0.0606,1001110
0.06062,1000010
0.06065,110111
0.06067,101101
0.06069,100110
0.06072,11111
0.06074,11011
0.06076,11001
0.06081,11100
0.06083,100000
0.06085,100110
0.06087,101110
0.0609,111000
0.06092,1000011
0.06094,1001111
0.06097,1011100
0.06099,1101011
0.06101,1111001
0.06103,10001000
0.06106,10010110
0.06108,10100100
0.0611,10110010
0.06113,10111110
0.06115,11001001
0.06117,11010010
0.06119,11011010
0.06122,11100000
0.06124,11100100
0.06126,11100110
0.06131,11100011
0.06133,11011111
0.06135,11011001
0.06138,11010000
0.0614,11000111
0.06142,10111011
0.06144,10101111
0.06147,10100010
0.06149,10010011
0.06151,10000101
0.06154,1110110
0.06156,1101000
0.06158,1011010
0.0616,1001101
0.06163,1000000
0.06165,110110
0.06167,101100
0.0617,100101
0.06172,11111
0.06174,11011
0.06176,11001
0.06179,11010
0.06181,11100
0.06183,100000
0.06186,100111
0.06188,101111
0.0619,111001
0.06192,1000100
0.06195,1010001
0.06197,1011110
0.06199,1101101
0.06201,1111011
0.06204,10001010
0.06206,10011000
0.06208,10100110
0.06211,10110011
0.06213,10111111
0.06215,11001010
0.06217,11010011
0.0622,11011011
0.06222,11100001
0.06224,11100100
0.06227,11100110
0.06229,11100101
0.06231,11100011
0.06233,11011110
0.06236,11011000
0.06238,11001111
0.0624,11000101
0.06243,10111010
0.06245,10101101
0.06247,10100000
0.06249,10010001
0.06252,10000011
0.06254,1110100
0.06256,1100110
0.06258,1011000
0.06261,1001011
0.06263,111111
0.06265,110100
0.06268,101011
0.0627,100100
0.06272,11110
0.06274,11011
0.06277,11001
0.06279,11010
0.06281,11101
0.06284,100001
0.06286,101000
0.06288,110000
0.0629,111011
0.06293,1000110
0.06295,1010011
0.06297,1100000
0.063,1101111
0.06302,1111101
0.06304,10001100
0.06306,10011010
0.06309,10101000
0.06311,10110101
0.06313,11000001
0.06315,11001100
0.06318,11010101
0.0632,11011100
0.06322,11100001
0.06325,11100101
0.06327,11100110
0.06329,11100101
0.06331,11100010
0.06334,11011101
0.06336,11010111
0.06338,11001110
0.06341,11000100
0.06343,10111000
0.06345,10101011
0.06347,10011110
0.0635,10001111
0.06352,10000001
0.06354,1110010
0.06357,1100100
0.06359,1010110
0.06361,1001001
0.06363,111101
0.06366,110011
0.06368,101010
0.0637,100011
0.06372,11101
0.06375,11010
0.06377,11001
0.06379,11010
0.06382,11101
0.06384,100010
0.06386,101001
0.06388,110010
0.06391,111100
0.06393,1001000
0.06395,1010101
0.06398,1100010
0.064,1110001
0.06402,1111111
0.06404,10001110
0.06407,10011100
0.06409,10101010
0.06411,10110111
0.06414,11000011
0.06416,11001101
0.06418,11010110
0.0642,11011101
0.06423,11100010
0.06425,11100101
0.06427,11100110
0.06429,11100101
0.06432,11100010
0.06434,11011100
0.06436,11010101
0.06439,11001101
0.06441,11000010
0.06443,10110110
0.06445,10101001
0.06448,10011100
0.0645,10001101
0.06452,1111111
0.06455,1110000
0.06457,1100010
0.06459,1010100
0.06461,1000111
0.06464,111100
0.06466,110001
0.06468,101001
0.06471,100010
0.06473,11101
0.06475,11010
0.06477,11001
0.0648,11010
0.06482,11110
0.06484,100011
0.06486,101010
0.06489,110011
0.06491,111110
0.06493,1001010
0.06496,1010110
0.06498,1100100
0.065,1110011
0.06502,10000001
0.06505,10010000
0.06507,10011110
0.06509,10101100
0.06512,10111001
0.06514,11000100
0.06516,11001110
0.06518,11010111
0.06521,11011110
0.06523,11100010
0.06525,11100101
0.06528,11100110
0.0653,11100100
0.06532,11100001
0.06534,11011100
0.06537,11010100
0.06539,11001011
0.06541,11000001
0.06543,10110101
0.06546,10101000
0.06548,10011010
0.0655,10001011
0.06553,1111101
0.06555,1101110
0.06557,1100000
0.06559,1010010
0.06562,1000110
0.06564,111010
0.06566,110000
0.06569,101000
0.06571,100001
0.06573,11100
0.06575,11010
0.06578,11001
0.0658,11011
0.06582,11110
0.06585,100100
0.06587,101011
0.06589,110101
0.06591,111111
0.06594,1001011
0.06596,1011000
0.06598,1100110
0.066,1110101
0.06603,10000011
0.06605,10010010
0.06607,10100000
0.0661,10101110
0.06612,10111010
0.06614,11000110
0.06616,11010000
0.06619,11011000
0.06621,11011110
0.06623,11100011
0.06626,11100101
0.06628,11100110
0.0663,11100100
0.06632,11100000
0.06635,11011011
0.06637,11010011
0.06639,11001010
0.06642,10111111
0.06644,10110011
0.06646,10100110
0.06648,10011000
0.06651,10001001
0.06653,1111011
0.06655,1101100
0.06657,1011110
0.0666,1010000
0.06662,1000100
0.06664,111001
0.06667,101111
0.06669,100111
0.06671,100000
0.06673,11100
0.06676,11010
0.06678,11001
0.0668,11011
0.06683,11111
0.06685,100101
0.06687,101101
0.06689,110110
0.06692,1000001
0.06694,1001101
0.06696,1011010
0.06699,1101000
0.06701,1110111
0.06703,10000101
0.06705,10010100
0.06708,10100010
0.0671,10101111
0.06712,10111100
0.06714,11000111
0.06717,11010001
0.06719,11011001
0.06721,11011111
0.06724,11100011
0.06726,11100110
0.0673,11100100
0.06733,11100000
0.06735,11011010
0.06737,11010010
0.0674,11001000
0.06742,10111101
0.06744,10110001
0.06746,10100100
0.06749,10010110
0.06751,10000111
0.06753,1111001
0.06756,1101010
0.06758,1011100
0.0676,1001111
0.06762,1000010
0.06765,110111
0.06767,101110
0.06769,100110
0.06771,100000
0.06774,11011
0.06776,11001
0.06781,11011
0.06783,100000
0.06785,100110
0.06787,101110
0.0679,110111
0.06792,1000010
0.06794,1001111
0.06797,1011100
0.06799,1101010
0.06801,1111001
0.06803,10000111
0.06806,10010110
0.06808,10100100
0.0681,10110001
0.06813,10111110
0.06815,11001001
0.06817,11010010
0.06819,11011010
0.06822,11100000
0.06824,11100100
0.06826,11100110
0.06831,11100011
0.06833,11011111
0.06835,11011001
0.06838,11010001
0.0684,11000111
0.06842,10111100
0.06844,10101111
0.06847,10100010
0.06849,10010100
0.06851,10000101
0.06854,1110110
0.06856,1101000
0.06858,1011010
0.0686,1001101
0.06863,1000001
0.06865,110110
0.06867,101100
0.0687,100101
0.06872,11111
0.06874,11011
0.06876,11001
0.06879,11010
0.06881,11100
0.06883,100000
0.06885,100111
0.06888,101111
0.0689,111001
0.06892,1000100
0.06895,1010001
0.06897,1011110
0.06899,1101100
0.06901,1111011
0.06904,10001010
0.06906,10011000
0.06908,10100110
0.06911,10110011
0.06913,10111111
0.06915,11001010
0.06917,11010011
0.0692,11011011
0.06922,11100000
0.06924,11100100
0.06927,11100110
0.06929,11100101
0.06931,11100011
0.06933,11011110
0.06936,11011000
0.06938,11001111
0.0694,11000101
0.06942,10111010
0.06945,10101101
0.06947,10100000
0.06949,10010010
0.06952,10000011
0.06954,1110100
0.06956,1100110
0.06958,1011000
0.06961,1001011
0.06963,111111
0.06965,110100
0.06968,101011
0.0697,100100
0.06972,11110
0.06974,11011
0.06977,11001
0.06979,11010
0.06981,11100
0.06984,100001
0.06986,101000
0.06988,110000
0.0699,111010
0.06993,1000110
0.06995,1010011
0.06997,1100000
0.06999,1101110
0.07002,1111101
0.07004,10001100
0.07006,10011010
0.07009,10101000
0.07011,10110101
0.07013,11000001
0.07015,11001011
0.07018,11010100
0.0702,11011100
0.07022,11100001
0.07025,11100101
0.07027,11100110
0.07029,11100101
0.07031,11100010
0.07034,11011101
0.07036,11010111
0.07038,11001110
0.07041,11000100
0.07043,10111000
0.07045,10101100
0.07047,10011110
0.0705,10010000
0.07052,10000001
0.07054,1110010
0.07056,1100100
0.07059,1010110
0.07061,1001001
0.07063,111101
0.07066,110011
0.07068,101010
0.0707,100011
0.07072,11110
0.07075,11010
0.07077,11001
0.07079,11010
0.07082,11101
0.07084,100010
0.07086,101001
0.07088,110010
0.07091,111100
0.07093,1001000
0.07095,1010100
0.07098,1100010
0.071,1110000
0.07102,1111111
0.07104,10001110
0.07107,10011100
0.07109,10101010
0.07111,10110111
0.07113,11000010
0.07116,11001101
0.07118,11010110
0.0712,11011101
0.07123,11100010
0.07125,11100101
0.07127,11100110
0.07129,11100101
0.07132,11100010
0.07134,11011101
0.07136,11010110
0.07139,11001101
0.07141,11000010
0.07143,10110111
0.07145,10101010
0.07148,10011100
0.0715,10001110
0.07152,1111111
0.07155,1110000
0.07157,1100010
0.07159,1010100
0.07161,1001000
0.07164,111100
0.07166,110010
0.07168,101001
0.0717,100010
0.07173,11101
0.07175,11010
0.07177,11001
0.0718,11010
0.07182,11110
0.07184,100011
0.07186,101010
0.07189,110011
0.07191,111101
0.07193,1001001
0.07196,1010110
0.07198,1100100
0.072,1110010
0.07202,10000001
0.07205,10010000
0.07207,10011110
0.07209,10101100
0.07212,10111000
0.07214,11000100
0.07216,11001110
0.07218,11010111
0.07221,11011101
0.07223,11100010
0.07225,11100101
0.07227,11100110
0.0723,11100101
0.07232,11100001
0.07234,11011100
0.07237,11010100
0.07239,11001011
0.07241,11000001
0.07243,10110101
0.07246,10101000
0.07248,10011010
0.0725,10001100
0.07253,1111101
0.07255,1101110
0.07257,1100000
0.07259,1010010
0.07262,1000110
0.07264,111010
0.07266,110000
0.07269,101000
0.07271,100001
0.07273,11100
0.07275,11010
0.07278,11001
0.0728,11011
0.07282,11110
0.07284,100100
0.07287,101011
0.07289,110100
0.07291,111111
0.07294,1001011
0.07296,1011000
0.07298,1100110
0.073,1110100
0.07303,10000011
0.07305,10010010
0.07307,10100000
0.0731,10101101
0.07312,10111010
0.07314,11000101
0.07316,11001111
0.07319,11011000
0.07321,11011110
0.07323,11100011
0.07326,11100101
0.07328,11100110
0.0733,11100100
0.07332,11100000
0.07335,11011011
0.07337,11010011
0.07339,11001010
0.07341,10111111
0.07344,10110011
0.07346,10100110
0.07348,10011000
0.07351,10001010
0.07353,1111011
0.07355,1101100
0.07357,1011110
0.0736,1010001
0.07362,1000100
0.07364,111001
0.07367,101111
0.07369,100111
0.07371,100000
0.07373,11100
0.07376,11010
0.07378,11001
0.0738,11011
0.07383,11111
0.07385,100101
0.07387,101100
0.07389,110110
0.07392,1000001
0.07394,1001101
0.07396,1011010
0.07398,1101000
0.07401,1110111
0.07403,10000101
0.07405,10010100
0.07408,10100010
0.0741,10101111
0.07412,10111100
0.07414,11000111
0.07417,11010001
0.07419,11011001
0.07421,11011111
0.07424,11100011
0.07426,11100110
0.0743,11100100
0.07433,11100000
0.07435,11011010
0.07437,11010010
0.0744,11001001
0.07442,10111110
0.07444,10110001
0.07446,10100100
0.07449,10010110
0.07451,10000111
0.07453,1111001
0.07455,1101010
0.07458,1011100
0.0746,1001111
0.07462,1000010
0.07465,110111
0.07467,101110
0.07469,100110
0.07471,100000
0.07474,11011
0.07476,11001
0.07481,11011
0.07483,100000
0.07485,100110
0.07487,101110
0.0749,110111
0.07492,1000010
0.07494,1001111
0.07497,1011100
0.07499,1101010
0.07501,1111001
0.07503,10000111
0.07506,10010110
0.07508,10100100
0.0751,10110001
0.07512,10111101
0.07515,11001000
0.07517,11010010
0.07519,11011010
0.07522,11100000
0.07524,11100100
0.07526,11100110
0.07531,11100011
0.07533,11011111
0.07535,11011001
0.07538,11010001
0.0754,11000111
0.07542,10111100
0.07544,10101111
0.07547,10100010
0.07549,10010100
0.07551,10000101
0.07554,1110111
0.07556,1101000
0.07558,1011010
0.0756,1001101
0.07563,1000001
0.07565,110110
0.07567,101100
0.07569,100101
0.07572,11111
0.07574,11011
0.07576,11001
0.07579,11010
0.07581,11100
0.07583,100000
0.07585,100111
0.07588,101111
0.0759,111001
0.07592,1000100
0.07595,1010000
0.07597,1011110
0.07599,1101100
0.07601,1111011
0.07604,10001001
0.07606,10011000
0.07608,10100110
0.07611,10110011
0.07613,10111111
0.07615,11001010
0.07617,11010011
0.0762,11011011
0.07622,11100000
0.07624,11100100
0.07626,11100110
0.07629,11100101
0.07631,11100011
0.07633,11011110
0.07636,11011000
0.07638,11010000
0.0764,11000110
0.07642,10111010
0.07645,10101110
0.07647,10100000
0.07649,10010010
0.07652,10000011
0.07654,1110101
0.07656,1100110
0.07658,1011000
0.07661,1001011
0.07663,111111
0.07665,110100
0.07668,101011
0.0767,100100
0.07672,11110
0.07674,11011
0.07677,11001
0.07679,11010
0.07681,11100
0.07683,100001
0.07686,101000
0.07688,110000
0.0769,111010
0.07693,1000110
0.07695,1010010
0.07697,1100000
0.07699,1101110
0.07702,1111101
0.07704,10001011
0.07706,10011010
0.07709,10101000
0.07711,10110101
0.07713,11000001
0.07715,11001011
0.07718,11010100
0.0772,11011100
0.07722,11100001
0.07725,11100100
0.07727,11100110
0.07729,11100101
0.07731,11100010
0.07734,11011110
0.07736,11010111
0.07738,11001110
0.0774,11000100
0.07743,10111001
0.07745,10101100
0.07747,10011110
0.0775,10010000
0.07752,10000001
0.07754,1110011
0.07756,1100100
0.07759,1010110
0.07761,1001001
0.07763,111110
0.07766,110011
0.07768,101010
0.0777,100011
0.07772,11110
0.07775,11010
0.07777,11001
0.07779,11010
0.07782,11101
0.07784,100010
0.07786,101001
0.07788,110001
0.07791,111100
0.07793,1000111
0.07795,1010100
0.07797,1100010
0.078,1110000
0.07802,1111111
0.07804,10001101
0.07807,10011100
0.07809,10101001
0.07811,10110110
0.07813,11000010
0.07816,11001101
0.07818,11010101
0.0782,11011100
0.07823,11100010
0.07825,11100101
0.07827,11100110
0.07829,11100101
0.07832,11100010
0.07834,11011101
0.07836,11010110
0.07839,11001101
0.07841,11000011
0.07843,10110111
0.07845,10101010
0.07848,10011100
0.0785,10001110
0.07852,1111111
0.07854,1110001
0.07857,1100010
0.07859,1010101
0.07861,1001000
0.07864,111100
0.07866,110010
0.07868,101001
0.0787,100010
0.07873,11101
0.07875,11010
0.07877,11001
0.0788,11010
0.07882,11101
0.07884,100011
0.07886,101010
0.07889,110011
0.07891,111101
0.07893,1001001
0.07896,1010110
0.07898,1100100
0.079,1110010
0.07902,10000001
0.07905,10001111
0.07907,10011110
0.07909,10101011
0.07911,10111000
0.07914,11000100
0.07916,11001110
0.07918,11010111
0.07921,11011101
0.07923,11100010
0.07925,11100101
0.07927,11100110
0.0793,11100101
0.07932,11100001
0.07934,11011100
0.07937,11010101
0.07939,11001100
0.07941,11000001
0.07943,10110101
0.07946,10101000
0.07948,10011010
0.0795,10001100
0.07953,1111101
0.07955,1101111
0.07957,1100000
0.07959,1010011
0.07962,1000110
0.07964,111011
0.07966,110000
0.07968,101000
0.07971,100001
0.07973,11101
0.07975,11010
0.07978,11001
0.0798,11011
0.07982,11110
0.07984,100100
0.07987,101011
0.07989,110100
0.07991,111111
0.07994,1001011
0.07996,1011000
0.07998,1100110
0.08,1110100
0.08003,10000011
0.08005,10010001
0.08007,10100000
0.0801,10101101
0.08012,10111010
0.08014,11000101
0.08016,11001111
0.08019,11011000
0.08021,11011110
0.08023,11100011
0.08025,11100101
0.08028,11100110
0.0803,11100100
0.08032,11100001
0.08035,11011011
0.08037,11010011
0.08039,11001010
0.08041,10111111
0.08044,10110011
0.08046,10100110
0.08048,10011000
0.08051,10001010
0.08053,1111011
0.08055,1101101
0.08057,1011110
0.0806,1010001
0.08062,1000100
0.08064,111001
0.08067,101111
0.08069,100111
0.08071,100000
0.08073,11100
0.08076,11010
0.08078,11001
0.0808,11011
0.08082,11111
0.08085,100101
0.08087,101100
0.08089,110110
0.08092,1000000
0.08094,1001101
0.08096,1011010
0.08098,1101000
0.08101,1110110
0.08103,10000101
0.08105,10010011
0.08108,10100010
0.0811,10101111
0.08112,10111011
0.08114,11000111
0.08117,11010000
0.08119,11011001
0.08121,11011111
0.08124,11100011
0.08126,11100110
0.0813,11100100
0.08133,11100000
0.08135,11011010
0.08137,11010010
0.08139,11001001
0.08142,10111110
0.08144,10110001
0.08146,10100100
0.08149,10010110
0.08151,10001000
0.08153,1111001
0.08155,1101011
0.08158,1011100
0.0816,1001111
0.08162,1000011
0.08165,111000
0.08167,101110
0.08169,100110
0.08171,100000
0.08174,11100
0.08176,11001
0.08181,11011
0.08183,11111
0.08185,100110
0.08187,101101
0.0819,110111
0.08192,1000010
0.08194,1001110
0.08196,1011100
0.08199,1101010
0.08201,1111000
0.08203,10000111
0.08206,10010101
0.08208,10100100
0.0821,10110001
0.08212,10111101
0.08215,11001000
0.08217,11010010
0.08219,11011010
0.08222,11100000
0.08224,11100100
0.08226,11100110
0.08231,11100011
0.08233,11011111
0.08235,11011001
0.08238,11010001
0.0824,11000111
0.08242,10111100
0.08244,10110000
0.08247,10100010
0.08249,10010100
0.08251,10000110
0.08253,1110111
0.08256,1101001
0.08258,1011011
0.0826,1001101
0.08263,1000001
0.08265,110110
0.08267,101101
0.08269,100101
0.08272,11111
0.08274,11011
0.08276,11001
0.08281,11100
0.08283,100000
0.08285,100111
0.08288,101111
0.0829,111000
0.08292,1000100
0.08295,1010000
0.08297,1011110
0.08299,1101100
0.08301,1111010
0.08304,10001001
0.08306,10010111
0.08308,10100101
0.0831,10110011
0.08313,10111111
0.08315,11001010
0.08317,11010011
0.0832,11011011
0.08322,11100000
0.08324,11100100
0.08326,11100110
0.08329,11100101
0.08331,11100011
0.08333,11011110
0.08336,11011000
0.08338,11010000
0.0834,11000110
0.08342,10111010
0.08345,10101110
0.08347,10100000
0.08349,10010010
0.08352,10000100
0.08354,1110101
0.08356,1100111
0.08358,1011001
0.08361,1001011
0.08363,111111
0.08365,110101
0.08367,101011
0.0837,100100
0.08372,11110
0.08374,11011
0.08377,11001
0.08379,11010
0.08381,11100
0.08383,100001
0.08386,101000
0.08388,110000
0.0839,111010
0.08393,1000101
0.08395,1010010
0.08397,1100000
0.08399,1101110
0.08402,1111100
0.08404,10001011
0.08406,10011001
0.08409,10100111
0.08411,10110100
0.08413,11000000
0.08415,11001011
0.08418,11010100
0.0842,11011011
0.08422,11100001
0.08424,11100100
0.08427,11100110
0.08429,11100101
0.08431,11100010
0.08434,11011110
0.08436,11010111
0.08438,11001110
0.0844,11000100
0.08443,10111001
0.08445,10101100
0.08447,10011110
0.0845,10010000
0.08452,10000010
0.08454,1110011
0.08456,1100101
0.08459,1010111
0.08461,1001010
0.08463,111110
0.08466,110011
0.08468,101010
0.0847,100011
0.08472,11110
0.08475,11010
0.08477,11001
0.08479,11010
0.08481,11101
0.08484,100010
0.08486,101001
0.08488,110001
0.08491,111100
0.08493,1000111
0.08495,1010100
0.08497,1100010
0.085,1110000
0.08502,1111110
0.08504,10001101
0.08507,10011011
0.08509,10101001
0.08511,10110110
0.08513,11000010
0.08516,11001100
0.08518,11010101
0.0852,11011100
0.08523,11100010
0.08525,11100101
0.08527,11100110
0.08529,11100101
0.08532,11100010
0.08534,11011101
0.08536,11010110
0.08538,11001101
0.08541,11000011
0.08543,10110111
0.08545,10101010
0.08548,10011100
0.0855,10001110
0.08552,1111111
0.08554,1110001
0.08557,1100011
0.08559,1010101
0.08561,1001000
0.08564,111100
0.08566,110010
0.08568,101001
0.0857,100010
0.08573,11101
0.08575,11010
0.08577,11001
0.0858,11010
0.08582,11101
0.08584,100011
0.08586,101010
0.08589,110011
0.08591,111101
0.08593,1001001
0.08595,1010110
0.08598,1100100
0.086,1110010
0.08602,10000001
0.08605,10001111
0.08607,10011101
0.08609,10101011
0.08611,10111000
0.08614,11000100
0.08616,11001110
0.08618,11010110
0.08621,11011101
0.08623,11100010
0.08625,11100101
0.08627,11100110
0.0863,11100101
0.08632,11100001
0.08634,11011100
0.08637,11010101
0.08639,11001100
0.08641,11000001
0.08643,10110101
0.08646,10101000
0.08648,10011010
0.0865,10001100
0.08652,1111101
0.08655,1101111
0.08657,1100001
0.08659,1010011
0.08662,1000110
0.08664,111011
0.08666,110001
0.08668,101000
0.08671,100001
0.08673,11101
0.08675,11010
0.08678,11001
0.0868,11011
0.08682,11110
0.08684,100100
0.08687,101011
0.08689,110100
0.08691,111111
0.08694,1001011
0.08696,1011000
0.08698,1100110
0.087,1110100
0.08703,10000011
0.08705,10010001
0.08707,10011111
0.08709,10101101
0.08712,10111010
0.08714,11000101
0.08716,11001111
0.08719,11010111
0.08721,11011110
0.08723,11100011
0.08725,11100101
0.08728,11100110
0.0873,11100100
0.08732,11100001
0.08735,11011011
0.08737,11010100
0.08739,11001010
0.08741,11000000
0.08744,10110100
0.08746,10100110
0.08748,10011000
0.08751,10001010
0.08753,1111011
0.08755,1101101
0.08757,1011111
0.0876,1010001
0.08762,1000101
0.08764,111001
0.08766,101111
0.08769,100111
0.08771,100001
0.08773,11100
0.08776,11010
0.08778,11001
0.0878,11011
0.08782,11111
0.08785,100100
0.08787,101100
0.08789,110101
0.08792,1000000
0.08794,1001100
0.08796,1011010
0.08798,1101000
0.08801,1110110
0.08803,10000101
0.08805,10010011
0.08808,10100001
0.0881,10101111
0.08812,10111011
0.08814,11000111
0.08817,11010000
0.08819,11011000
0.08821,11011111
0.08823,11100011
0.08826,11100110
0.0883,11100100
0.08833,11100000
0.08835,11011010
0.08837,11010010
0.08839,11001001
0.08842,10111110
0.08844,10110010
0.08846,10100100
0.08849,10010110
0.08851,10001000
0.08853,1111001
0.08855,1101011
0.08858,1011101
0.0886,1001111
0.08862,1000011
0.08865,111000
0.08867,101110
0.08869,100110
0.08871,100000
0.08874,11100
0.08876,11001
0.0888,11011
0.08883,11111
0.08885,100101
0.08887,101101
0.0889,110111
0.08892,1000010
0.08894,1001110
0.08896,1011011
0.08899,1101010
0.08901,1111000
0.08903,10000111
0.08906,10010101
0.08908,10100011
0.0891,10110001
0.08912,10111101
0.08915,11001000
0.08917,11010010
0.08919,11011001
0.08922,11100000
0.08924,11100100
0.08926,11100110
0.08931,11100011
0.08933,11011111
0.08935,11011001
0.08937,11010001
0.0894,11000111
0.08942,10111100
0.08944,10110000
0.08947,10100011
0.08949,10010100
0.08951,10000110
0.08953,1110111
0.08956,1101001
0.08958,1011011
0.0896,1001101
0.08963,1000001
0.08965,110110
0.08967,101101
0.08969,100101
0.08972,11111
0.08974,11011
0.08976,11001
0.08981,11100
0.08983,100000
0.08985,100110
0.08988,101111
0.0899,111000
0.08992,1000100
0.08994,1010000
0.08997,1011101
0.08999,1101100
0.09001,1111010
0.09004,10001001
0.09006,10010111
0.09008,10100101
0.0901,10110010
0.09013,10111111
0.09015,11001001
0.09017,11010011
0.0902,11011010
0.09022,11100000
0.09024,11100100
0.09026,11100110
0.09029,11100101
0.09031,11100011
0.09033,11011111
0.09036,11011000
0.09038,11010000
0.0904,11000110
0.09042,10111011
0.09045,10101110
0.09047,10100001
0.09049,10010010
0.09051,10000100
0.09054,1110101
0.09056,1100111
0.09058,1011001
0.09061,1001100
0.09063,1000000
0.09065,110101
0.09067,101100
0.0907,100100
0.09072,11110
0.09074,11011
0.09077,11001
0.09079,11010
0.09081,11100
0.09083,100001
0.09086,100111
0.09088,110000
0.0909,111010
0.09093,1000101
0.09095,1010010
0.09097,1011111
0.09099,1101110
0.09102,1111100
0.09104,10001011
0.09106,10011001
0.09108,10100111
0.09111,10110100
0.09113,11000000
0.09115,11001011
0.09118,11010100
0.0912,11011011
0.09122,11100001
0.09124,11100100
0.09127,11100110
0.09129,11100101
0.09131,11100010
0.09134,11011110
0.09136,11010111
0.09138,11001111
0.0914,11000100
0.09143,10111001
0.09145,10101100
0.09147,10011111
0.0915,10010000
0.09152,10000010
0.09154,1110011
0.09156,1100101
0.09159,1010111
0.09161,1001010
0.09163,111110
0.09165,110011
0.09168,101010
0.0917,100011
0.09172,11110
0.09175,11010
0.09177,11001
0.09179,11010
0.09181,11101
0.09184,100010
0.09186,101000
0.09188,110001
0.09191,111011
0.09193,1000111
0.09195,1010100
0.09197,1100001
0.092,1110000
0.09202,1111110
0.09204,10001101
0.09207,10011011
0.09209,10101001
0.09211,10110110
0.09213,11000010
0.09216,11001100
0.09218,11010101
0.0922,11011100
0.09222,11100010
0.09225,11100101
0.09227,11100110
0.09229,11100101
0.09232,11100010
0.09234,11011101
0.09236,11010110
0.09238,11001101
0.09241,11000011
0.09243,10110111
0.09245,10101010
0.09248,10011101
0.0925,10001110
0.09252,10000000
0.09254,1110001
0.09257,1100011
0.09259,1010101
0.09261,1001000
0.09264,111100
0.09266,110010
0.09268,101001
0.0927,100010
0.09273,11101
0.09275,11010
0.09277,11001
0.09279,11010
0.09282,11101
0.09284,100011
0.09286,101010
0.09289,110010
0.09291,111101
0.09293,1001001
0.09295,1010110
0.09298,1100011
0.093,1110010
0.09302,10000000
0.09305,10001111
0.09307,10011101
0.09309,10101011
0.09311,10111000
0.09314,11000011
0.09316,11001110
0.09318,11010110
0.09321,11011101
0.09323,11100010
0.09325,11100101
0.09327,11100110
0.0933,11100101
0.09332,11100001
0.09334,11011100
0.09336,11010101
0.09339,11001100
0.09341,11000001
0.09343,10110101
0.09346,10101001
0.09348,10011011
0.0935,10001100
0.09352,1111110
0.09355,1101111
0.09357,1100001
0.09359,1010011
0.09362,1000110
0.09364,111011
0.09366,110001
0.09368,101000
0.09371,100001
0.09373,11101
0.09375,11010
0.09378,11001
0.0938,11011
0.09382,11110
0.09384,100011
0.09387,101011
0.09389,110100
0.09391,111110
0.09393,1001010
0.09396,1010111
0.09398,1100101
0.094,1110100
0.09403,10000010
0.09405,10010001
0.09407,10011111
0.09409,10101101
0.09412,10111001
0.09414,11000101
0.09416,11001111
0.09419,11010111
0.09421,11011110
0.09423,11100011
0.09425,11100101
0.09428,11100110
0.0943,11100100
0.09432,11100001
0.09435,11011011
0.09437,11010100
0.09439,11001010
0.09441,11000000
0.09444,10110100
0.09446,10100111
0.09448,10011001
0.0945,10001010
0.09453,1111100
0.09455,1101101
0.09457,1011111
0.0946,1010001
0.09462,1000101
0.09464,111001
0.09466,101111
0.09469,100111
0.09471,100001
0.09473,11100
0.09476,11010
0.09478,11001
0.0948,11011
0.09482,11111
0.09485,100100
0.09487,101100
0.09489,110101
0.09492,1000000
0.09494,1001100
0.09496,1011001
0.09498,1100111
0.09501,1110110
0.09503,10000100
0.09505,10010011
0.09507,10100001
0.0951,10101111
0.09512,10111011
0.09514,11000110
0.09517,11010000
0.09519,11011000
0.09521,11011111
0.09523,11100011
0.09526,11100101
0.09528,11100110
0.0953,11100100
0.09533,11100000
0.09535,11011010
0.09537,11010010
0.09539,11001001
0.09542,10111110
0.09544,10110010
0.09546,10100101
0.09549,10010111
0.09551,10001000
0.09553,1111010
0.09555,1101011
0.09558,1011101
0.0956,1010000
0.09562,1000011
0.09564,111000
0.09567,101110
0.09569,100110
0.09571,100000
0.09574,11100
0.09576,11001
0.0958,11011
0.09583,11111
0.09585,100101
0.09587,101101
0.0959,110111
0.09592,1000010
0.09594,1001110
0.09596,1011011
0.09599,1101001
0.09601,1111000
0.09603,10000110
0.09606,10010101
0.09608,10100011
0.0961,10110000
0.09612,10111101
0.09615,11001000
0.09617,11010001
0.09619,11011001
0.09621,11011111
0.09624,11100100
0.09626,11100110
0.09631,11100100
0.09633,11011111
0.09635,11011001
0.09637,11010001
0.0964,11001000
0.09642,10111101
0.09644,10110000
0.09647,10100011
0.09649,10010101
0.09651,10000110
0.09653,1111000
0.09656,1101001
0.09658,1011011
0.0966,1001110
0.09663,1000001
0.09665,110110
0.09667,101101
0.09669,100101
0.09672,11111
0.09674,11011
0.09676,11001
0.09681,11100
0.09683,100000
0.09685,100110
0.09688,101110
0.0969,111000
0.09692,1000011
0.09694,1010000
0.09697,1011101
0.09699,1101011
0.09701,1111010
0.09704,10001001
0.09706,10010111
0.09708,10100101
0.0971,10110010
0.09713,10111110
0.09715,11001001
0.09717,11010011
0.0972,11011010
0.09722,11100000
0.09724,11100100
0.09726,11100110
0.09729,11100101
0.09731,11100011
0.09733,11011111
0.09735,11011000
0.09738,11010000
0.0974,11000110
0.09742,10111011
0.09745,10101110
0.09747,10100001
0.09749,10010011
0.09751,10000100
0.09754,1110101
0.09756,1100111
0.09758,1011001
0.09761,1001100
0.09763,1000000
0.09765,110101
0.09767,101100
0.0977,100100
0.09772,11111
0.09774,11011
0.09777,11001
0.09779,11010
0.09781,11100
0.09783,100001
0.09786,100111
0.09788,110000
0.0979,111010
0.09792,1000101
0.09795,1010010
0.09797,1011111
0.09799,1101101
0.09802,1111100
0.09804,10001011
0.09806,10011001
0.09808,10100111
0.09811,10110100
0.09813,11000000
0.09815,11001011
0.09818,11010100
0.0982,11011011
0.09822,11100001
0.09824,11100100
0.09827,11100110
0.09829,11100101
0.09831,11100011
0.09834,11011110
0.09836,11010111
0.09838,11001111
0.0984,11000101
0.09843,10111001
0.09845,10101100
0.09847,10011111
0.09849,10010001
0.09852,10000010
0.09854,1110011
0.09856,1100101
0.09859,1010111
0.09861,1001010
0.09863,111110
0.09865,110100
0.09868,101011
0.0987,100011
0.09872,11110
0.09875,11010
0.09877,11001
0.09879,11010
0.09881,11101
0.09884,100010
0.09886,101000
0.09888,110001
0.09891,111011
0.09893,1000111
0.09895,1010011
0.09897,1100001
0.099,1101111
0.09902,1111110
0.09904,10001101
0.09906,10011011
0.09909,10101001
0.09911,10110110
0.09913,11000010
0.09916,11001100
0.09918,11010101
0.0992,11011100
0.09922,11100001
0.09925,11100101
0.09927,11100110
0.09929,11100101
0.09932,11100010
0.09934,11011101
0.09936,11010110
0.09938,11001101
0.09941,11000011
0.09943,10110111
0.09945,10101011
0.09948,10011101
0.0995,10001111
0.09952,10000000
0.09954,1110001
0.09957,1100011
0.09959,1010101
0.09961,1001000
0.09963,111101
0.09966,110010
0.09968,101001
0.0997,100010
0.09973,11101
0.09975,11010
0.09977,11001
0.09979,11010
0.09982,11101
0.09984,100010
0.09986,101001
0.09989,110010
0.09991,111101
0.09993,1001000
0.09995,1010101
0.09998,1100011
0.1,1110001
0.1,1110001
